filename,width,height,class,xmin,ymin,xmax,ymax
Test-Video_mp4-0018_jpg.rf.c9ec3bf3e6cc0af9f10a582db561b946.jpg,640,640,cars,195,533,241,640
Test-Video_mp4-0018_jpg.rf.c9ec3bf3e6cc0af9f10a582db561b946.jpg,640,640,trucks,255,455,313,559
Test-Video_mp4-0018_jpg.rf.c9ec3bf3e6cc0af9f10a582db561b946.jpg,640,640,trucks,214,327,249,399
Test-Video_mp4-0018_jpg.rf.c9ec3bf3e6cc0af9f10a582db561b946.jpg,640,640,cars,198,292,221,331
Test-Video_mp4-0018_jpg.rf.c9ec3bf3e6cc0af9f10a582db561b946.jpg,640,640,cars,232,270,245,297
Test-Video_mp4-0018_jpg.rf.c9ec3bf3e6cc0af9f10a582db561b946.jpg,640,640,cars,249,233,269,271
Test-Video_mp4-0018_jpg.rf.c9ec3bf3e6cc0af9f10a582db561b946.jpg,640,640,trucks,225,235,239,263
Test-Video_mp4-0018_jpg.rf.c9ec3bf3e6cc0af9f10a582db561b946.jpg,640,640,cars,198,267,224,305
Test-Video_mp4-0018_jpg.rf.c9ec3bf3e6cc0af9f10a582db561b946.jpg,640,640,cars,225,306,243,332
Test-Video_mp4-0008_jpg.rf.761c6e65fed42777dc874802e976b4b4.jpg,640,640,cars,185,449,250,556
Test-Video_mp4-0008_jpg.rf.761c6e65fed42777dc874802e976b4b4.jpg,640,640,cars,260,549,318,640
Test-Video_mp4-0008_jpg.rf.761c6e65fed42777dc874802e976b4b4.jpg,640,640,trucks,208,309,248,383
Test-Video_mp4-0008_jpg.rf.761c6e65fed42777dc874802e976b4b4.jpg,640,640,cars,199,277,218,314
Test-Video_mp4-0008_jpg.rf.761c6e65fed42777dc874802e976b4b4.jpg,640,640,cars,225,267,253,304
Test-Video_mp4-0008_jpg.rf.761c6e65fed42777dc874802e976b4b4.jpg,640,640,cars,243,235,260,259
Test-Video_mp4-0008_jpg.rf.761c6e65fed42777dc874802e976b4b4.jpg,640,640,cars,221,220,236,265
Test-Video_mp4-0008_jpg.rf.761c6e65fed42777dc874802e976b4b4.jpg,640,640,cars,202,258,224,292
Test-Video_mp4-0016_jpg.rf.25f6c0f5c2a12b6e6a929c88c21b765c.jpg,640,640,cars,174,526,243,629
Test-Video_mp4-0016_jpg.rf.25f6c0f5c2a12b6e6a929c88c21b765c.jpg,640,640,trucks,256,455,307,578
Test-Video_mp4-0016_jpg.rf.25f6c0f5c2a12b6e6a929c88c21b765c.jpg,640,640,trucks,209,314,238,402
Test-Video_mp4-0016_jpg.rf.25f6c0f5c2a12b6e6a929c88c21b765c.jpg,640,640,cars,194,296,211,328
Test-Video_mp4-0016_jpg.rf.25f6c0f5c2a12b6e6a929c88c21b765c.jpg,640,640,cars,196,259,216,305
Test-Video_mp4-0016_jpg.rf.25f6c0f5c2a12b6e6a929c88c21b765c.jpg,640,640,cars,240,228,263,267
Test-Video_mp4-0016_jpg.rf.25f6c0f5c2a12b6e6a929c88c21b765c.jpg,640,640,cars,215,226,237,271
Test-Video_mp4-0016_jpg.rf.25f6c0f5c2a12b6e6a929c88c21b765c.jpg,640,640,cars,219,287,243,323
Test-Video_mp4-0016_jpg.rf.25f6c0f5c2a12b6e6a929c88c21b765c.jpg,640,640,cars,223,267,244,297
Test-Video_mp4-0001_jpg.rf.54d46f4fb463ae11e36a0f082a2d9083.jpg,640,640,cars,199,402,243,486
Test-Video_mp4-0001_jpg.rf.54d46f4fb463ae11e36a0f082a2d9083.jpg,640,640,cars,99,570,175,640
Test-Video_mp4-0001_jpg.rf.54d46f4fb463ae11e36a0f082a2d9083.jpg,640,640,trucks,219,298,242,354
Test-Video_mp4-0001_jpg.rf.54d46f4fb463ae11e36a0f082a2d9083.jpg,640,640,cars,200,272,217,309
Test-Video_mp4-0001_jpg.rf.54d46f4fb463ae11e36a0f082a2d9083.jpg,640,640,cars,228,256,248,285
Test-Video_mp4-0001_jpg.rf.54d46f4fb463ae11e36a0f082a2d9083.jpg,640,640,cars,250,230,261,260
Test-Video_mp4-0001_jpg.rf.54d46f4fb463ae11e36a0f082a2d9083.jpg,640,640,cars,223,222,238,252
Test-Video_mp4-0001_jpg.rf.54d46f4fb463ae11e36a0f082a2d9083.jpg,640,640,trucks,222,270,239,300
Test-Video_mp4-0005_jpg.rf.3ea8a38a45b789962cb835c63931cf4f.jpg,640,640,trucks,213,302,244,367
Test-Video_mp4-0005_jpg.rf.3ea8a38a45b789962cb835c63931cf4f.jpg,640,640,cars,199,285,214,313
Test-Video_mp4-0005_jpg.rf.3ea8a38a45b789962cb835c63931cf4f.jpg,640,640,cars,228,272,233,298
Test-Video_mp4-0005_jpg.rf.3ea8a38a45b789962cb835c63931cf4f.jpg,640,640,cars,273,587,330,640
Test-Video_mp4-0005_jpg.rf.3ea8a38a45b789962cb835c63931cf4f.jpg,640,640,cars,229,262,246,290
Test-Video_mp4-0005_jpg.rf.3ea8a38a45b789962cb835c63931cf4f.jpg,640,640,cars,202,257,224,294
Test-Video_mp4-0005_jpg.rf.3ea8a38a45b789962cb835c63931cf4f.jpg,640,640,cars,201,424,245,518
Test-Video_mp4-0005_jpg.rf.3ea8a38a45b789962cb835c63931cf4f.jpg,640,640,cars,222,229,237,252
Test-Video_mp4-0005_jpg.rf.3ea8a38a45b789962cb835c63931cf4f.jpg,640,640,trucks,246,234,260,269
Test-Video_mp4-0006_jpg.rf.e91b7b83f7cec3186afdd01009538f1a.jpg,640,640,cars,193,435,255,537
Test-Video_mp4-0006_jpg.rf.e91b7b83f7cec3186afdd01009538f1a.jpg,640,640,cars,261,565,326,640
Test-Video_mp4-0006_jpg.rf.e91b7b83f7cec3186afdd01009538f1a.jpg,640,640,trucks,213,310,245,368
Test-Video_mp4-0006_jpg.rf.e91b7b83f7cec3186afdd01009538f1a.jpg,640,640,cars,193,283,216,316
Test-Video_mp4-0006_jpg.rf.e91b7b83f7cec3186afdd01009538f1a.jpg,640,640,cars,230,262,244,291
Test-Video_mp4-0006_jpg.rf.e91b7b83f7cec3186afdd01009538f1a.jpg,640,640,cars,246,231,258,265
Test-Video_mp4-0006_jpg.rf.e91b7b83f7cec3186afdd01009538f1a.jpg,640,640,cars,221,226,238,255
Test-Video_mp4-0006_jpg.rf.e91b7b83f7cec3186afdd01009538f1a.jpg,640,640,cars,201,262,221,288
Test-Video_mp4-0006_jpg.rf.e91b7b83f7cec3186afdd01009538f1a.jpg,640,640,cars,222,275,242,309
Test-Video_mp4-0009_jpg.rf.f3818b252942c35e8ddef1b4668493d1.jpg,640,640,cars,189,440,241,545
Test-Video_mp4-0009_jpg.rf.f3818b252942c35e8ddef1b4668493d1.jpg,640,640,trucks,255,536,326,640
Test-Video_mp4-0009_jpg.rf.f3818b252942c35e8ddef1b4668493d1.jpg,640,640,trucks,208,298,241,364
Test-Video_mp4-0009_jpg.rf.f3818b252942c35e8ddef1b4668493d1.jpg,640,640,cars,192,280,217,323
Test-Video_mp4-0009_jpg.rf.f3818b252942c35e8ddef1b4668493d1.jpg,640,640,cars,220,221,240,256
Test-Video_mp4-0009_jpg.rf.f3818b252942c35e8ddef1b4668493d1.jpg,640,640,cars,247,235,265,274
Test-Video_mp4-0009_jpg.rf.f3818b252942c35e8ddef1b4668493d1.jpg,640,640,cars,218,271,242,320
Test-Video_mp4-0009_jpg.rf.f3818b252942c35e8ddef1b4668493d1.jpg,640,640,cars,224,251,245,293